groupID,gene,featureID,meanUsage_change,padj,delta_wUTR,delta_RED,max_abs_delta_RED,max_delta_RED_featureID,perGeneQ,dir_consensus,dominant_featureID
HAUS3,HAUS3,chr4_-_2231200,0.380143334857123,2.82822005495942e-09,-246.430154579039,-1.79654651082336,2.56005837620772,chr4_-_2231911,2.82786061234219e-09,Mixed,chr4_-_2231200
CENPH,CENPH,chr5_+_69210356,0.101530036219243,4.94824300470345e-09,-51.2004653579757,-2.51511329277232,3.95712696363463,chr5_+_69209913,7.08289960016373e-09,Mixed,chr5_+_69210356
DEPTOR,DEPTOR,chr8_+_120050520,0.262028524383151,5.16243479390294e-05,-89.7631822812775,1.91725086260154,1.91725086260154,chr8_+_120050520,6.75948688106609e-05,Increased_only,chr8_+_120050520
NUMBL,NUMBL,chr19_-_40666686,0.293924241832363,0.000110560868640753,228.379135903746,-2.39147366523582,2.39147366523582,chr19_-_40666686,0.00011875053377522,Mixed,chr19_-_40666686
USPL1,USPL1,chr13_+_30659549,0.310307164733676,0.000119034955439832,-375.781976492481,2.52247376944979,2.52247376944979,chr13_+_30660760,0.000126970582540575,Mixed,chr13_+_30659549
TEX261,TEX261,chr2_-_70985944,0.11180973381013,0.000173848053317885,-243.409790504653,-2.50699711142535,2.50699711142535,chr2_-_70988121,0.000188335294544052,Mixed,chr2_-_70985944
SLC38A9,SLC38A9,chr5_-_55625848,0.219008632473279,0.000178384899838003,90.6640953954545,1.43030972126066,1.67384959111574,chr5_-_55625958,0.00019246781179188,Increased_only,chr5_-_55625848
TRAPPC6B,TRAPPC6B,chr14_-_39147815,0.0689815940808823,0.000333581880763346,-144.618086857996,-1.21564156721547,1.21564156721547,chr14_-_39147815,0.000362550859697266,Mixed,chr14_-_39147815
RTN1,RTN1,chr14_-_59595984,0.35892142785176,0.000433101568713886,-71.4087028932212,-1.57033229970287,1.5754226986994,chr14_-_59596182,0.000465182282609874,Mixed,chr14_-_59595984
P2RY2,P2RY2,chr11_+_73235933,0.143909171601731,0.000738700012294894,-347.184967833018,1.1053885615445,2.34549299227586,chr11_+_73236348,0.000788186886228654,Increased_only,chr11_+_73242334
ZNF180,ZNF180,chr19_-_44476294,0.284649102391038,0.000738700012294894,-224.849858027277,1.10653196665791,1.10653196665791,chr19_-_44476294,0.000224575872100796,Mixed,chr19_-_44475644
DNAJC16,DNAJC16,chr1_+_15571731,0.112259396124257,0.00106334855148952,-109.752871415606,-1.39949662934604,1.71736186827151,chr1_+_15568451,0.00114338071701696,Decreased_only,chr1_+_15571731
LOC124902693,LOC124902693,chr11_-_65789080,0.327089444491875,0.00106334855148952,-3310.68597037068,-2.31972495012184,3.17470067206197,chr11_-_65806418,0.00103428041138874,Mixed,chr11_-_65789080
NCBP3,NCBP3,chr17_-_3811709,0.0795015577950946,0.00106334855148952,-206.565351544276,1.02220519217953,1.69442883910571,chr17_-_3806780,0.00114915108841332,Increased_only,chr17_-_3812149
SPCS3,SPCS3,chr4_+_176328345,0.243171994340409,0.00124518008613969,-965.326798155891,1.39458302287887,2.64248615403996,chr4_+_176329675,0.00134652016010019,Increased_only,chr4_+_176328345
ARMC8,ARMC8,chr3_+_138298384,0.126587766472557,0.00127621940767925,206.150911293666,1.8318435447545,3.43836250175001,chr3_+_138297637,0.00137658345901685,Increased_only,chr3_+_138296517
CCDC186,CCDC186,chr10_-_114120864,0.271225513837987,0.00143164665140161,-458.961211271611,-1.90713742551663,2.04402796563722,chr10_-_114123263,0.00157673039831639,Mixed,chr10_-_114120864
FBN1,FBN1,chr15_-_48410074,0.342501368363437,0.00161678755571776,-602.80240831965,3.40682627430219,3.40682627430219,chr15_-_48410074,0.00177555248471617,Increased_only,chr15_-_48410074
ARL15,ARL15,chr5_-_53883942,0.123921382549527,0.00178894429275849,133.549267002291,1.65003767657203,2.13908284508479,chr5_-_53885428,0.00195710174145686,Mixed,chr5_-_53883942
INTS7,INTS7,chr1_-_211941723,0.173321069753652,0.0018699420102864,-158.010818519628,1.29421240815404,1.29421240815404,chr1_-_211941723,0.00206915861930689,Increased_only,chr1_-_211940403
VPS13C,VPS13C,chr15_-_61852393,0.0502364636482573,0.00188761932963144,57.6622368570938,1.315705156737,1.37075842642935,chr15_-_61853547,0.00210515444896825,Mixed,chr15_-_61852393
SNAPC1,SNAPC1,chr14_+_61796427,0.336873769331108,0.00225213566388777,-310.219297777912,-1.60505769828115,1.71193648248107,chr14_+_61795091,0.00250607274859972,Decreased_only,chr14_+_61796427
FPGT,FPGT,chr1_+_74207233,0.274427420396196,0.00334132955217364,54.3923150487304,1.48981723340281,3.34981195424083,chr1_+_74206445,0.00373424784071091,Increased_only,chr1_+_74207233
FHIP2A,FHIP2A,chr10_+_114864709,0.147278141372139,0.00376153794001547,-117.822513097711,-2.47946023378314,2.47946023378314,chr10_+_114864709,0.00177532281945447,Mixed,chr10_+_114864709
LOC124903211,LOC124903211,chr13_+_109788210,0.325496342737722,0.00381762888167582,-827.737199582027,3.63091852993029,3.63091852993029,chr13_+_109788210,0.00429982197036135,Increased_only,chr13_+_109788210
CERK,CERK,chr22_-_46684411,0.0682951256622422,0.00406092455835165,-176.952670590869,-3.72662502239907,3.72662502239907,chr22_-_46684411,0.00456278899504104,Decreased_only,chr22_-_46684411
MFSD8,MFSD8,chr4_-_127917806,0.317983995794235,0.00410694591308117,842.356615094142,2.43675207302291,2.43675207302291,chr4_-_127917806,0.0046181021146036,Increased_only,chr4_-_127917806
ARMH3,ARMH3,chr10_-_101845599,0.155028427513771,0.00469236807699023,-128.828623263944,-1.5536046159168,1.5536046159168,chr10_-_101845599,0.00522623027653688,Mixed,chr10_-_101845599
IFIT5,IFIT5,chr10_+_89419923,0.161573111503344,0.00482167191517018,-283.958725576931,1.28953284109824,1.70169474555653,chr10_+_89418667,0.00536964834620156,Increased_only,chr10_+_89419923
ABCC5,ABCC5,chr3_-_183919938,0.16179785671697,0.00499679022211006,-158.07650601248,-2.36725247594256,2.36725247594256,chr3_-_183920915,0.00557461468021449,Mixed,chr3_-_183919938
CDCA4,CDCA4,chr14_-_105009944,0.203165789067011,0.00559578985674647,-147.801962778458,-1.26484305280453,1.48678100512206,chr14_-_105010582,0.00623323615686952,Mixed,chr14_-_105009944
NRDE2,NRDE2,chr14_-_90278058,0.118254341897532,0.00577100581364685,-1086.84531794288,1.97072239798523,2.05417845186297,chr14_-_90271040,0.0064170338144725,Increased_only,chr14_-_90278058
PHAF1,PHAF1,chr16_+_67148223,0.358352037901551,0.00586507328824687,103.871480941658,-1.85068270139493,2.61984434804257,chr16_+_67148496,0.00662990277260263,Decreased_only,chr16_+_67148223
ZNF260,ZNF260,chr19_-_36510695,0.215582232468248,0.00620989188691772,72.220047876863,1.09133538613973,1.09133538613973,chr19_-_36510695,0.00693808909656704,Mixed,chr19_-_36510695
NRF1,NRF1,chr7_+_129756723,0.254384450262268,0.0063596568951738,-50.1828109292243,1.34568811322868,1.34568811322868,chr7_+_129756723,0.00709348259182184,Increased_only,chr7_+_129756723
ZNF550,ZNF550,chr19_-_57541840,0.108950440339758,0.00658765571712943,-95.2457816525412,-1.28450162628934,1.28450162628934,chr19_-_57541840,0.007371780916698,Decreased_only,chr19_-_57541840
SEC24A,SEC24A,chr5_+_134725422,0.215895574190929,0.00663442386037301,-542.183980751379,1.30395797236009,1.60794163000236,chr5_+_134727808,0.00745912552139196,Mixed,chr5_+_134725422
TTPAL,TTPAL,chr20_+_44494594,0.177624053652504,0.00678305989619343,868.406819148304,1.69207602455041,4.96472145046116,chr20_+_44489788,0.00625895384436797,Mixed,chr20_+_44494594
PLBD2,PLBD2,chr12_+_113391623,0.404356303726764,0.00739936684295078,900.501488399503,3.17922599747562,3.17922599747562,chr12_+_113391623,0.00829709559207745,Mixed,chr12_+_113391623
TMEM276-ZFTRAF1,TMEM276-ZFTRAF1,chr8_-_144449932,0.335399293817144,0.00792187847036813,115.377357073097,-3.90161307627699,3.901613076277,chr8_-_144449588,0.00885053451912998,Decreased_only,chr8_-_144449932
TTC39C,TTC39C,chr18_+_24135595,0.284435691451009,0.00807196581900561,-773.293149736613,-1.69848544739024,1.95345480943733,chr18_+_24132641,0.0090503908175709,Decreased_only,chr18_+_24135595
UBXN7,UBXN7,chr3_-_196353501,0.196681336380273,0.0081517503070497,1014.47719194116,-1.10773738880367,1.10773738880367,chr3_-_196353501,0.00911200831881134,Mixed,chr3_-_196353501
NPAT,NPAT,chr11_-_108157585,0.227174565238984,0.0086327020955359,-108.896196284539,-1.45246554088742,2.08104753082415,chr11_-_108158629,0.00962024011527409,Decreased_only,chr11_-_108157394
LONP2,LONP2,chr16_+_48352000,0.259733803996497,0.0104454551844237,-472.235540707646,1.55720233838352,2.07214265838396,chr16_+_48352997,0.0117578897131903,Increased_only,chr16_+_48352000
PDE4B,PDE4B,chr1_+_66374573,0.257864571888962,0.0111534080286914,76.8436424229107,2.02391713055163,2.02391713055163,chr1_+_66374573,0.0125354115015597,Increased_only,chr1_+_66374573
MYO9A,MYO9A,chr15_-_71826028,0.145352703551544,0.0114723817699278,50.545011344297,-1.90590098027826,3.32520144826592,chr15_-_71825495,0.0129803822584447,Decreased_only,chr15_-_71826028
DCLRE1B,DCLRE1B,chr1_+_113914070,0.203472289714946,0.0114954245430871,329.893422623169,1.63338780992661,1.75868176981905,chr1_+_113912415,0.0130067668349951,Increased_only,chr1_+_113912468
HOOK1,HOOK1,chr1_+_59873580,0.184868511692775,0.0116516241940835,443.733028671719,-1.26055506351479,1.26055506351479,chr1_+_59873580,0.0131567624759429,Decreased_only,chr1_+_59876320
ZNF248,ZNF248,chr10_-_37828971,0.50867026126295,0.012626631271691,-1159.88314762375,-2.74576188544556,2.74576188544556,chr10_-_37828971,0.0141950566642777,Decreased_only,chr10_-_37828971
MBLAC2,MBLAC2,chr5_-_90458210,0.122266606098602,0.0136526081555153,-251.86383757555,-2.39982080647326,2.39982080647326,chr5_-_90458210,0.0153662453290754,Decreased_only,chr5_-_90458210
PLXNA2,PLXNA2,chr1_-_208026828,0.176712767983057,0.0139436634176278,-805.810222002739,1.32159221445531,1.32159221445531,chr1_-_208026828,0.0156749884675794,Mixed,chr1_-_208026828
CBX6,CBX6,chr22_-_38861464,0.0965258802138236,0.0147716933281794,278.091060896026,2.36302693489736,2.36302693489736,chr22_-_38864345,0.0167724893853297,Increased_only,chr22_-_38861464
PDCD6IP,PDCD6IP,chr3_+_33869702,0.0779332651054772,0.014928099277782,-210.49708822118,-1.48214877410853,1.48214877410853,chr3_+_33869702,0.0170371662525672,Decreased_only,chr3_+_33867008
ABCC2,ABCC2,chr10_+_99852572,0.236119255201999,0.0149326485829656,-158.712809104904,-1.35403191473043,1.35403191473043,chr10_+_99852572,0.0169467201402394,Mixed,chr10_+_99852572
ZDHHC21,ZDHHC21,chr9_-_14615790,0.289566520572899,0.0149706397878024,1160.94620417774,-1.95226074293971,1.95226074293971,chr9_-_14615790,0.0170215578582717,Decreased_only,chr9_-_14611080
EXOG,EXOG,chr3_+_38526302,0.296095311339214,0.0155589189789566,-353.393070335144,-1.47639627370239,1.93708434487684,chr3_+_38525125,0.0176435880306699,Decreased_only,chr3_+_38526302
GGACT,GGACT,chr13_-_100531578,0.262192495114696,0.0165266202796129,361.798674688273,-1.76263932159865,1.76263932159865,chr13_-_100531578,0.00216785701525197,Mixed,chr13_-_100531578
GPN2,GPN2,chr1_-_26876133,0.205244754683329,0.0165266202796129,514.534217520627,1.69153642384048,3.17904934497014,chr1_-_26876234,0.0188060326552682,Increased_only,chr1_-_26879382
C18orf54,C18orf54,chr18_+_54381084,0.101766753537464,0.0168959811665748,-89.9112303582247,1.02014860564658,1.02014860564658,chr18_+_54381084,0.019268495705863,Increased_only,chr18_+_54382033
FBXO31,FBXO31,chr16_-_87329338,0.146197292089506,0.0169284030506519,207.685298146141,-1.59612242642266,1.59612242642266,chr16_-_87329338,0.0192963335419548,Decreased_only,chr16_-_87329338
CNOT6,CNOT6,chr5_+_180577967,0.12389401798753,0.0181454249366186,-106.948518774546,-1.656249874353,3.72687215499831,chr5_+_180574785,0.0207967915006608,Decreased_only,chr5_+_180576825
TECPR1,TECPR1,chr7_-_98216580,0.30259408042183,0.019919025141088,339.171159040702,-1.98811823931213,1.98811823931213,chr7_-_98216580,0.0230506820733337,Decreased_only,chr7_-_98215446
ZNF827,ZNF827,chr4_-_145757628,0.253653732760535,0.0203718304263218,-500.504099514755,-1.44769727278176,3.85301639326255,chr4_-_145758157,0.0236366290749865,Decreased_only,chr4_-_145757628
B3GLCT,B3GLCT,chr13_+_31331520,0.357034098302592,0.0211049960723548,150.851747648692,2.11293447490904,2.11293447490904,chr13_+_31331520,0.0244827989154011,Increased_only,chr13_+_31331520
ELOVL4,ELOVL4,chr6_-_79915635,0.179674110737142,0.0212962758737699,81.4333854505463,-1.52802530941764,1.52802530941764,chr6_-_79915635,0.0247125335589125,Decreased_only,chr6_-_79915635
AGO3,AGO3,chr1_+_36072033,0.172108982416024,0.0215316642160452,-1840.07193779819,-1.08443149157024,1.60923144036505,chr1_+_36056190,0.0249477413972121,Mixed,chr1_+_36072033
RBM19,RBM19,chr12_-_113822694,0.297327281222434,0.0218272684239765,-189.100150857468,1.41040058440344,1.41040058440344,chr12_-_113822058,0.0253477373278826,Mixed,chr12_-_113822694
MAP4K2,MAP4K2,chr11_-_64789138,0.0550416724625585,0.0228060182692844,125.219131131315,1.17549920627705,2.34672497586242,chr11_-_64789102,0.026492527891602,Increased_only,chr11_-_64789138
MED29,MED29,chr19_+_39400561,0.0809787698130358,0.0232746538725979,-150.694567751964,-2.41075672305954,2.41075672305954,chr19_+_39400561,0.0269640568948017,Decreased_only,chr19_+_39400561
EVI5,EVI5,chr1_-_92508698,0.141805325066969,0.0247089089051667,-534.747880827542,-2.26572341224315,2.26572341224315,chr1_-_92512469,0.0290818379015659,Decreased_only,chr1_-_92508698
LRIG2,LRIG2,chr1_+_113132259,0.13287582432816,0.0260278133615263,960.223168984798,1.63294658665375,3.24481517487468,chr1_+_113124742,0.0306249230692128,Increased_only,chr1_+_113132259
EPM2AIP1,EPM2AIP1,chr3_-_36985872,0.250799930099778,0.0264278408637576,579.576538862231,1.51029486852966,1.711312766669,chr3_-_36989302,0.00696599022896198,Mixed,chr3_-_36987868
YTHDF3,YTHDF3,chr8_+_63212785,0.0831646059169027,0.0299399011317632,-119.711357753175,-1.29427402601231,1.52367825153595,chr8_+_63210746,0.0188480991948253,Mixed,chr8_+_63212785
TMEM241,TMEM241,chr18_-_23296017,0.0664285714285715,0.0308956888182723,57.3278571428572,1.25761465322388,1.25761465322388,chr18_-_23296017,0.0364863928775697,Increased_only,chr18_-_23296017
TXN2,TXN2,chr22_-_36467049,0.202438382045748,0.0314074680923575,-61.9461449059989,-1.27588978995652,1.27588978995652,chr22_-_36467049,0.0371612865354395,Mixed,chr22_-_36467049
RCC1,RCC1,chr1_+_28538983,0.112815793310019,0.0329383349053661,-92.5089505142158,-1.36967154112693,1.36967154112693,chr1_+_28538983,0.0391116822264611,Decreased_only,chr1_+_28538983
HOXA5,HOXA5,chr7_-_27141058,0.146893424148456,0.0336651245581758,76.7762945761776,1.05211299525437,3.73540936965273,chr7_-_27141592,0.0401170142096442,Increased_only,chr7_-_27141556
H6PD,H6PD,chr1_+_9271333,0.157242219476746,0.0337213821820025,493.365939321853,1.20952019466395,1.35375646465743,chr1_+_9268237,0.0401756540262592,Increased_only,chr1_+_9271333
NECAB3,NECAB3,chr20_-_33657088,0.122683585527622,0.0337213821820025,-67.4759720401922,-2.47250011446922,2.47250011446922,chr20_-_33657638,0.0401753730353668,Decreased_only,chr20_-_33657088
PKP1,PKP1,chr1_+_201332987,0.0687613843351549,0.0352445353048723,183.386612021858,2.72645031568344,2.72645031568345,chr1_+_201330320,0.0418966669490588,Increased_only,chr1_+_201332987
RAB8B,RAB8B,chr15_+_63264168,0.305639237256436,0.0361266560879076,1152.42662038826,-2.20040009536314,2.20040009536314,chr15_+_63264168,0.0431801518797812,Decreased_only,chr15_+_63267766
MEGF9,MEGF9,chr9_-_120600922,0.0688635840809755,0.0379535978168021,167.337290085116,2.47973314202493,3.20337957792861,chr9_-_120603866,0.0453902466139858,Increased_only,chr9_-_120600922
FAM114A1,FAM114A1,chr4_+_38943803,0.166469199018144,0.0423158939648995,307.626276940066,-1.73670243841808,1.73670243841808,chr4_+_38943803,0.0506559082821822,Decreased_only,chr4_+_38945739
ATG7,ATG7,chr3_+_11555082,0.075055984453402,0.0443499257904565,-193.71949587423,1.05343226173037,1.05343226173037,chr3_+_11557663,0.0530225258701793,Increased_only,chr3_+_11555082
INTU,INTU,chr4_+_127726729,0.0796545467807398,0.0446234560424631,-554.892123527859,-1.1270404040435,1.1270404040435,chr4_+_127726729,0.053297296263647,Decreased_only,chr4_+_127726729
CCDC149,CCDC149,chr4_-_24808192,0.0529847494553377,0.0455135687543263,109.89037037037,-2.38856499973217,2.38856499973217,chr4_-_24808192,0.0542890165476947,Decreased_only,chr4_-_24808192
ARSA,ARSA,chr22_-_50625029,0.223297263961543,0.0460946391250239,-497.53754740479,1.82338977022601,2.80558484575691,chr22_-_50622755,0.0549793038213656,Increased_only,chr22_-_50625029
GCH1,GCH1,chr14_-_54842017,0.0901889059431041,0.0475574429222195,-159.850321781631,-1.34139166556592,2.36424020309271,chr14_-_54843591,0.0566338493053592,Decreased_only,chr14_-_54842017
WDFY3,WDFY3,chr4_-_84672294,0.189347911073229,0.0475574429222195,-422.871026507622,1.48224513919613,1.48224513919613,chr4_-_84672294,0.0285307467300016,Mixed,chr4_-_84672294
SLC9A7,SLC9A7,chrX_-_46606674,0.0826445647154546,0.0478708683450459,327.991361914417,-1.55304896278677,3.46571310578976,chrX_-_46605322,0.0569654771727081,Decreased_only,chrX_-_46599472
LIG3,LIG3,chr17_+_35009585,0.138867868908394,0.0483375459710337,932.245042585266,1.83451403704751,2.8359722347103,chr17_+_35004727,0.0575586233955191,Increased_only,chr17_+_35004804
RFX7,RFX7,chr15_-_56087288,0.221871863582619,0.0488419514281516,-763.704628557172,-1.93351039095429,1.93351039095429,chr15_-_56087288,0.0581733474474608,Decreased_only,chr15_-_56090540
KDM4B,KDM4B,chr19_+_5153595,0.0530001638101129,0.0490209823319588,-78.7521155892011,-1.11331325809321,1.30591096186589,chr19_+_5151866,0.058376916682787,Decreased_only,chr19_+_5153595
